issue_type,issue_count,avg_sla_hours
Bug,239,37.96359832635983
Story,291,35.92017182130584
Task,281,38.98252669039146
