assignee_name,issue_count,avg_sla_hours
Adyna,149,37.360604026845635
Francinne,178,37.78747191011236
Gionni Lucio,176,39.44130681818182
Guilherme Francisco,157,38.41254777070064
Matheus Malta,151,34.53523178807947
